{
  "age": {
    "count": 27462.0,
    "mean": 5.7490714441774085,
    "std": 4.696265412842279,
    "min": 0.0,
    "25%": 2.0,
    "50%": 4.0,
    "75%": 8.0,
    "max": 25.0
  },
  "mileage_numeric": {
    "count": 27462.0,
    "mean": 92208.8158546355,
    "std": 77235.13951851074,
    "min": 1.0,
    "25%": 29000.0,
    "50%": 75000.0,
    "75%": 138000.0,
    "max": 496000.0
  },
  "horsepower": {
    "count": 27462.0,
    "mean": 187.71651736945597,
    "std": 103.80090919359188,
    "min": 0.0,
    "25%": 112.0,
    "50%": 170.0,
    "75%": 228.0,
    "max": 830.0
  },
  "brand_popularity": {
    "count": 27462.0,
    "mean": 1589.1580365596096,
    "std": 1070.6709319038116,
    "min": 1.0,
    "25%": 829.0,
    "50%": 1570.0,
    "75%": 1821.0,
    "max": 3813.0
  },
  "torque_nm": {
    "count": 27462.0,
    "mean": 307.6138300196635,
    "std": 156.42015622419152,
    "min": 0.0,
    "25%": 200.0,
    "50%": 280.0,
    "75%": 385.0,
    "max": 999.0
  },
  "weight_numeric": {
    "count": 27462.0,
    "mean": 89.12833431651008,
    "std": 266.67856141258,
    "min": 1.0,
    "25%": 1.345,
    "50%": 1.713,
    "75%": 2.085,
    "max": 999.0
  },
  "power_to_weight": {
    "count": 27462.0,
    "mean": 104792.0708896091,
    "std": 52711.115306246465,
    "min": 0.0,
    "25%": 85271.31782945736,
    "50%": 101040.11887072808,
    "75%": 126548.6725663717,
    "max": 564625.8503401361
  },
  "mileage_per_year": {
    "count": 27462.0,
    "mean": 16700.707619062232,
    "std": 10329.665056036833,
    "min": 0.5,
    "25%": 10000.0,
    "50%": 15333.333333333334,
    "75%": 21714.285714285714,
    "max": 171500.0
  },
  "acceleration_0_100": {
    "count": 27462.0,
    "mean": 9.12169543369019,
    "std": 2.6973992619758707,
    "min": 2.1,
    "25%": 7.3,
    "50%": 8.7,
    "75%": 10.8,
    "max": 22.4
  },
  "top_speed_numeric": {
    "count": 27462.0,
    "mean": 186.1092812977933,
    "std": 29.73084321211958,
    "min": 1.88,
    "25%": 160.0,
    "50%": 180.0,
    "75%": 202.0,
    "max": 350.0
  },
  "doors_numeric": {
    "count": 27462.0,
    "mean": 4.7697909839050325,
    "std": 0.681461792888283,
    "min": 2.0,
    "25%": 5.0,
    "50%": 5.0,
    "75%": 5.0,
    "max": 6.0
  },
  "equipment_count": {
    "count": 27462.0,
    "mean": 0.6847279877649115,
    "std": 1.1627726188168184,
    "min": 0.0,
    "25%": 0.0,
    "50%": 0.0,
    "75%": 1.0,
    "max": 4.0
  },
  "trunk_size_numeric": {
    "count": 27462.0,
    "mean": 439.077563833661,
    "std": 110.11286678502408,
    "min": 1.03,
    "25%": 385.0,
    "50%": 443.0,
    "75%": 495.0,
    "max": 989.0
  },
  "range_numeric": {
    "count": 27462.0,
    "mean": 425.41624790619767,
    "std": 112.58240488846178,
    "min": 25.0,
    "25%": 441.0,
    "50%": 441.0,
    "75%": 441.0,
    "max": 763.0
  },
  "battery_capacity_numeric": {
    "count": 27462.0,
    "mean": 63.62697545699512,
    "std": 16.975197728408222,
    "min": 1.1,
    "25%": 66.5,
    "50%": 66.5,
    "75%": 66.5,
    "max": 373.0
  },
  "brand_encoded": {
    "count": 27462.0,
    "mean": 48.47928046027238,
    "std": 25.933334593610674,
    "min": 0.0,
    "25%": 23.0,
    "50%": 58.0,
    "75%": 70.0,
    "max": 82.0
  },
  "fuel_type_en_encoded": {
    "count": 27462.0,
    "mean": 2.2533682907290076,
    "std": 1.721253340843963,
    "min": 0.0,
    "25%": 1.0,
    "50%": 1.0,
    "75%": 4.0,
    "max": 5.0
  },
  "body_type_en_encoded": {
    "count": 27462.0,
    "mean": 5.230318257956449,
    "std": 2.2122066111295724,
    "min": 0.0,
    "25%": 3.0,
    "50%": 6.0,
    "75%": 6.0,
    "max": 9.0
  },
  "transmission_en_encoded": {
    "count": 27462.0,
    "mean": 1.1313815454082004,
    "std": 0.8145461942091042,
    "min": 0.0,
    "25%": 0.0,
    "50%": 1.0,
    "75%": 2.0,
    "max": 2.0
  },
  "color_encoded": {
    "count": 27462.0,
    "mean": 23.312795863374845,
    "std": 18.0030394922039,
    "min": 0.0,
    "25%": 10.0,
    "50%": 19.0,
    "75%": 46.0,
    "max": 52.0
  },
  "drive_type_en_encoded": {
    "count": 27462.0,
    "mean": 2.0995557497633093,
    "std": 0.6122516955262294,
    "min": 0.0,
    "25%": 2.0,
    "50%": 2.0,
    "75%": 2.0,
    "max": 3.0
  },
  "is_electric": {
    "count": 27462.0,
    "mean": 0.4060519991260651,
    "std": 0.4911034061602836,
    "min": 0.0,
    "25%": 0.0,
    "50%": 0.0,
    "75%": 1.0,
    "max": 1.0
  },
  "is_hybrid": {
    "count": 27462.0,
    "mean": 0.06197654941373534,
    "std": 0.24111734436872959,
    "min": 0.0,
    "25%": 0.0,
    "50%": 0.0,
    "75%": 0.0,
    "max": 1.0
  },
  "is_automatic": {
    "count": 27462.0,
    "mean": 0.2746704537178647,
    "std": 0.44635619236717067,
    "min": 0.0,
    "25%": 0.0,
    "50%": 0.0,
    "75%": 1.0,
    "max": 1.0
  },
  "is_premium": {
    "count": 27462.0,
    "mean": 0.19321243900662735,
    "std": 0.39482536504670807,
    "min": 0.0,
    "25%": 0.0,
    "50%": 0.0,
    "75%": 0.0,
    "max": 1.0
  },
  "brand_age_interaction": {
    "count": 27462.0,
    "mean": 273.7671327652757,
    "std": 286.20690412235047,
    "min": 0.0,
    "25%": 62.0,
    "50%": 162.0,
    "75%": 395.0,
    "max": 1975.0
  },
  "brand_mileage_interaction": {
    "count": 27462.0,
    "mean": 445.2349836574175,
    "std": 483.21011277482364,
    "min": 0.0,
    "25%": 81.0,
    "50%": 273.0,
    "75%": 663.0,
    "max": 3868.8
  }
}